execution_time,status,appointmentdate
2025-06-10 04:00:46,No Appointments,N/A
2025-06-10 04:02:36,No Appointments,N/A
2025-06-10 04:04:43,No Appointments,N/A
2025-06-10 04:06:38,No Appointments,N/A
2025-06-10 04:08:46,No Appointments,N/A
2025-06-10 04:10:46,No Appointments,N/A
2025-06-10 04:12:56,No Appointments,N/A
2025-06-10 04:14:51,No Appointments,N/A
2025-06-10 04:16:33,No Appointments,N/A
2025-06-10 04:18:34,No Appointments,N/A
2025-06-10 04:20:34,No Appointments,N/A
2025-06-10 04:22:40,No Appointments,N/A
2025-06-10 04:24:39,No Appointments,N/A
2025-06-10 04:26:32,No Appointments,N/A
2025-06-10 04:28:36,No Appointments,N/A
2025-06-10 04:30:40,No Appointments,N/A
2025-06-10 04:32:36,No Appointments,N/A
2025-06-10 04:34:40,No Appointments,N/A
2025-06-10 04:36:42,No Appointments,N/A
2025-06-10 04:38:37,No Appointments,N/A
2025-06-10 04:40:34,No Appointments,N/A
2025-06-10 04:42:42,No Appointments,N/A
2025-06-10 04:44:38,No Appointments,N/A
2025-06-10 04:46:37,No Appointments,N/A
2025-06-10 04:48:37,No Appointments,N/A
2025-06-10 04:50:40,No Appointments,N/A
2025-06-10 04:52:43,No Appointments,N/A
2025-06-10 04:54:47,No Appointments,N/A
2025-06-10 04:56:37,No Appointments,N/A
2025-06-10 04:58:37,No Appointments,N/A
2025-06-10 05:00:39,No Appointments,N/A
2025-06-10 05:02:40,No Appointments,N/A
2025-06-10 05:04:32,No Appointments,N/A
2025-06-10 05:06:36,No Appointments,N/A
2025-06-10 05:08:31,No Appointments,N/A
2025-06-10 05:10:32,No Appointments,N/A
2025-06-10 05:12:40,No Appointments,N/A
2025-06-10 05:14:40,No Appointments,N/A
2025-06-10 05:16:32,No Appointments,N/A
2025-06-10 05:18:39,No Appointments,N/A
2025-06-10 05:20:37,No Appointments,N/A
2025-06-10 05:22:36,No Appointments,N/A
2025-06-10 05:24:45,No Appointments,N/A
2025-06-10 05:26:33,No Appointments,N/A
2025-06-10 05:28:34,No Appointments,N/A
2025-06-10 05:30:52,No Appointments,N/A
2025-06-10 05:32:37,No Appointments,N/A
2025-06-10 05:34:30,No Appointments,N/A
2025-06-10 05:36:38,No Appointments,N/A
2025-06-10 05:38:32,No Appointments,N/A
2025-06-10 05:40:35,No Appointments,N/A
2025-06-10 05:42:41,No Appointments,N/A
2025-06-10 05:44:38,No Appointments,N/A
2025-06-10 05:46:33,No Appointments,N/A
2025-06-10 05:48:33,No Appointments,N/A
2025-06-10 05:50:36,No Appointments,N/A
2025-06-10 05:52:37,No Appointments,N/A
2025-06-10 05:54:43,No Appointments,N/A
2025-06-10 05:56:38,No Appointments,N/A
2025-06-10 05:58:39,No Appointments,N/A
2025-06-10 06:00:36,No Appointments,N/A
2025-06-10 06:02:33,No Appointments,N/A
2025-06-10 06:04:33,No Appointments,N/A
2025-06-10 06:06:42,No Appointments,N/A
2025-06-10 06:08:34,No Appointments,N/A
2025-06-10 06:10:34,No Appointments,N/A
2025-06-10 06:12:39,No Appointments,N/A
2025-06-10 06:14:43,No Appointments,N/A
2025-06-10 06:16:37,No Appointments,N/A
2025-06-10 06:18:37,No Appointments,N/A
2025-06-10 06:20:43,No Appointments,N/A
2025-06-10 06:22:37,Too Many Requests,N/A
2025-06-10 06:24:40,No Appointments,N/A
2025-06-10 06:26:43,No Appointments,N/A
2025-06-10 06:28:39,No Appointments,N/A
2025-06-10 06:30:51,No Appointments,N/A
2025-06-10 06:32:40,No Appointments,N/A
2025-06-10 06:34:31,No Appointments,N/A
2025-06-10 06:36:36,No Appointments,N/A
2025-06-10 06:38:41,No Appointments,N/A
2025-06-10 06:40:37,No Appointments,N/A
2025-06-10 06:42:47,No Appointments,N/A
2025-06-10 06:44:35,No Appointments,N/A
2025-06-10 06:46:37,No Appointments,N/A
2025-06-10 06:48:33,No Appointments,N/A
2025-06-10 06:50:37,No Appointments,N/A
2025-06-10 06:52:36,No Appointments,N/A
2025-06-10 06:54:37,No Appointments,N/A
2025-06-10 06:56:40,No Appointments,N/A
2025-06-10 06:58:35,No Appointments,N/A
2025-06-10 07:00:35,No Appointments,N/A
2025-06-10 07:02:36,No Appointments,N/A
2025-06-10 07:04:33,No Appointments,N/A
2025-06-10 07:06:40,No Appointments,N/A
2025-06-10 07:08:42,No Appointments,N/A
2025-06-10 07:10:35,No Appointments,N/A
2025-06-10 07:12:40,No Appointments,N/A
2025-06-10 07:14:41,No Appointments,N/A
2025-06-10 07:16:37,No Appointments,N/A
2025-06-10 07:18:34,No Appointments,N/A
2025-06-10 07:20:38,No Appointments,N/A
2025-06-10 07:22:40,No Appointments,N/A
2025-06-10 07:24:39,No Appointments,N/A
2025-06-10 07:26:36,No Appointments,N/A
2025-06-10 07:28:37,No Appointments,N/A
2025-06-10 07:30:43,No Appointments,N/A
2025-06-10 07:32:39,No Appointments,N/A
2025-06-10 07:34:36,No Appointments,N/A
2025-06-10 07:36:36,No Appointments,N/A
2025-06-10 07:38:38,No Appointments,N/A
2025-06-10 07:40:37,No Appointments,N/A
2025-06-10 07:42:40,No Appointments,N/A
2025-06-10 07:44:40,No Appointments,N/A
2025-06-10 07:46:37,No Appointments,N/A
2025-06-10 07:48:45,No Appointments,N/A
2025-06-10 07:50:40,No Appointments,N/A
2025-06-10 07:52:37,No Appointments,N/A
2025-06-10 07:54:35,No Appointments,N/A
2025-06-10 07:56:35,No Appointments,N/A
2025-06-10 07:58:36,No Appointments,N/A
2025-06-10 08:00:37,No Appointments,N/A
2025-06-10 08:02:38,No Appointments,N/A
2025-06-10 08:04:38,No Appointments,N/A
2025-06-10 08:06:42,No Appointments,N/A
2025-06-10 08:08:34,Appointments Available,11.06.2025
2025-06-10 08:10:34,No Appointments,N/A
2025-06-10 08:12:34,No Appointments,N/A
2025-06-10 08:14:35,No Appointments,N/A
2025-06-10 08:16:34,No Appointments,N/A
2025-06-10 08:18:36,No Appointments,N/A
2025-06-10 08:20:37,Appointments Available,11.06.2025
2025-06-10 08:22:38,No Appointments,N/A
2025-06-10 08:24:46,No Appointments,N/A
2025-06-10 08:26:47,No Appointments,N/A
2025-06-10 08:28:50,No Appointments,N/A
2025-06-10 08:30:39,No Appointments,N/A
2025-06-10 08:32:34,No Appointments,N/A
2025-06-10 08:34:37,No Appointments,N/A
2025-06-10 08:36:37,No Appointments,N/A
2025-06-10 08:38:33,No Appointments,N/A
2025-06-10 08:40:41,No Appointments,N/A
2025-06-10 08:42:37,No Appointments,N/A
2025-06-10 08:44:48,No Appointments,N/A
2025-06-10 08:46:38,Appointments Available,11.06.2025
2025-06-10 08:48:36,No Appointments,N/A
2025-06-10 08:50:37,No Appointments,N/A
2025-06-10 08:52:37,No Appointments,N/A
2025-06-10 08:54:36,No Appointments,N/A
2025-06-10 08:56:37,No Appointments,N/A
2025-06-10 08:58:34,No Appointments,N/A
2025-06-10 09:00:40,Access Denied,N/A
2025-06-10 09:02:37,No Appointments,N/A
2025-06-10 09:04:41,No Appointments,N/A
2025-06-10 09:06:36,No Appointments,N/A
2025-06-10 09:08:34,No Appointments,N/A
2025-06-10 09:10:47,No Appointments,N/A
2025-06-10 09:12:43,No Appointments,N/A
2025-06-10 09:14:36,No Appointments,N/A
2025-06-10 09:16:35,No Appointments,N/A
2025-06-10 09:18:39,No Appointments,N/A
2025-06-10 09:21:00,No Appointments,N/A
2025-06-10 09:22:34,No Appointments,N/A
2025-06-10 09:24:34,No Appointments,N/A
2025-06-10 09:26:36,No Appointments,N/A
2025-06-10 09:28:35,No Appointments,N/A
2025-06-10 09:30:39,No Appointments,N/A
2025-06-10 09:32:33,No Appointments,N/A
2025-06-10 09:34:34,No Appointments,N/A
2025-06-10 09:36:42,No Appointments,N/A
2025-06-10 09:38:33,No Appointments,N/A
2025-06-10 09:40:40,Appointments Available,12.06.2025
2025-06-10 09:42:39,Appointments Available,12.06.2025
2025-06-10 09:44:39,No Appointments,N/A
2025-06-10 09:46:37,Appointments Available,10.06.2025
2025-06-10 09:46:37,Appointments Available,12.06.2025
2025-06-10 09:48:39,No Appointments,N/A
2025-06-10 09:50:34,No Appointments,N/A
2025-06-10 09:52:36,No Appointments,N/A
2025-06-10 09:54:36,No Appointments,N/A
2025-06-10 09:56:35,No Appointments,N/A
2025-06-10 09:58:36,No Appointments,N/A
2025-06-10 10:00:39,No Appointments,N/A
2025-06-10 10:02:38,No Appointments,N/A
2025-06-10 10:04:36,No Appointments,N/A
2025-06-10 10:06:39,No Appointments,N/A
2025-06-10 10:08:38,No Appointments,N/A
2025-06-10 10:10:36,No Appointments,N/A
2025-06-10 10:12:34,No Appointments,N/A
2025-06-10 10:14:39,No Appointments,N/A
2025-06-10 10:16:41,No Appointments,N/A
2025-06-10 10:18:40,No Appointments,N/A
2025-06-10 10:20:39,No Appointments,N/A
2025-06-10 10:22:35,No Appointments,N/A
2025-06-10 10:24:38,No Appointments,N/A
2025-06-10 10:26:34,No Appointments,N/A
2025-06-10 10:28:34,No Appointments,N/A
2025-06-10 10:30:38,Appointments Available,18.06.2025
2025-06-10 10:32:42,No Appointments,N/A
2025-06-10 10:34:36,No Appointments,N/A
2025-06-10 10:36:30,Too Many Requests,N/A
2025-06-10 10:38:33,No Appointments,N/A
2025-06-10 10:40:37,No Appointments,N/A
2025-06-10 10:42:34,No Appointments,N/A
2025-06-10 10:44:33,No Appointments,N/A
2025-06-10 10:46:42,Appointments Available,12.06.2025
2025-06-10 10:48:39,No Appointments,N/A
2025-06-10 10:50:33,Too Many Requests,N/A
2025-06-10 10:52:34,No Appointments,N/A
2025-06-10 10:54:38,Too Many Requests,N/A
2025-06-10 10:56:41,Access Denied,N/A
2025-06-10 10:58:36,No Appointments,N/A
2025-06-10 11:00:37,No Appointments,N/A
2025-06-10 11:02:34,No Appointments,N/A
2025-06-10 11:04:33,No Appointments,N/A
2025-06-10 11:06:41,No Appointments,N/A
2025-06-10 11:08:39,No Appointments,N/A
2025-06-10 11:10:37,No Appointments,N/A
2025-06-10 11:12:37,No Appointments,N/A
2025-06-10 11:14:35,No Appointments,N/A
2025-06-10 11:16:34,No Appointments,N/A
2025-06-10 11:18:33,No Appointments,N/A
2025-06-10 11:20:41,Appointments Available,10.06.2025
2025-06-10 11:22:45,No Appointments,N/A
2025-06-10 11:24:34,No Appointments,N/A
2025-06-10 11:26:41,No Appointments,N/A
2025-06-10 11:28:36,No Appointments,N/A
2025-06-10 11:30:34,No Appointments,N/A
2025-06-10 11:32:33,No Appointments,N/A
2025-06-10 11:34:38,No Appointments,N/A
2025-06-10 11:36:34,No Appointments,N/A
2025-06-10 11:38:39,No Appointments,N/A
2025-06-10 11:40:37,No Appointments,N/A
2025-06-10 11:42:59,No Appointments,N/A
2025-06-10 11:44:43,No Appointments,N/A
2025-06-10 11:46:35,No Appointments,N/A
2025-06-10 11:48:37,No Appointments,N/A
2025-06-10 11:50:40,No Appointments,N/A
2025-06-10 11:52:37,No Appointments,N/A
2025-06-10 11:54:31,No Appointments,N/A
2025-06-10 11:56:38,No Appointments,N/A
2025-06-10 11:58:36,No Appointments,N/A
2025-06-10 12:00:34,No Appointments,N/A
2025-06-10 12:02:39,No Appointments,N/A
2025-06-10 12:04:36,No Appointments,N/A
2025-06-10 12:06:38,No Appointments,N/A
2025-06-10 12:08:49,No Appointments,N/A
2025-06-10 12:10:41,No Appointments,N/A
2025-06-10 12:12:48,No Appointments,N/A
2025-06-10 12:14:36,No Appointments,N/A
2025-06-10 12:16:35,No Appointments,N/A
2025-06-10 12:18:35,No Appointments,N/A
2025-06-10 12:20:36,No Appointments,N/A
2025-06-10 12:22:31,No Appointments,N/A
2025-06-10 12:24:37,Appointments Available,10.06.2025
2025-06-10 12:26:38,No Appointments,N/A
2025-06-10 12:28:41,No Appointments,N/A
2025-06-10 12:30:39,No Appointments,N/A
2025-06-10 12:32:40,No Appointments,N/A
2025-06-10 12:34:41,No Appointments,N/A
2025-06-10 12:36:37,No Appointments,N/A
2025-06-10 12:38:39,No Appointments,N/A
2025-06-10 12:40:33,No Appointments,N/A
2025-06-10 12:42:37,No Appointments,N/A
2025-06-10 12:44:38,No Appointments,N/A
2025-06-10 12:46:48,No Appointments,N/A
2025-06-10 12:48:39,No Appointments,N/A
2025-06-10 12:50:36,No Appointments,N/A
2025-06-10 12:52:45,No Appointments,N/A
2025-06-10 12:54:42,No Appointments,N/A
2025-06-10 12:56:43,No Appointments,N/A
2025-06-10 12:58:36,No Appointments,N/A
2025-06-10 13:00:42,No Appointments,N/A
2025-06-10 13:02:39,No Appointments,N/A
2025-06-10 13:05:20,No Appointments,N/A
2025-06-10 13:06:48,No Appointments,N/A
2025-06-10 13:08:37,No Appointments,N/A
2025-06-10 13:10:40,No Appointments,N/A
2025-06-10 13:12:53,No Appointments,N/A
2025-06-10 13:14:34,No Appointments,N/A
2025-06-10 13:16:47,No Appointments,N/A
2025-06-10 13:18:53,No Appointments,N/A
2025-06-10 13:20:40,No Appointments,N/A
2025-06-10 13:22:39,No Appointments,N/A
2025-06-10 13:24:36,No Appointments,N/A
2025-06-10 13:26:40,No Appointments,N/A
2025-06-10 13:28:34,No Appointments,N/A
2025-06-10 13:30:37,No Appointments,N/A
2025-06-10 13:32:40,No Appointments,N/A
2025-06-10 13:34:38,No Appointments,N/A
2025-06-10 13:36:36,No Appointments,N/A
2025-06-10 13:38:32,No Appointments,N/A
2025-06-10 13:40:33,No Appointments,N/A
2025-06-10 13:42:34,No Appointments,N/A
2025-06-10 13:44:35,No Appointments,N/A
2025-06-10 13:46:39,No Appointments,N/A
2025-06-10 13:48:34,No Appointments,N/A
2025-06-10 13:50:42,No Appointments,N/A
2025-06-10 13:52:40,No Appointments,N/A
2025-06-10 13:54:38,No Appointments,N/A
2025-06-10 13:56:40,No Appointments,N/A
2025-06-10 13:58:35,No Appointments,N/A
2025-06-10 14:00:34,No Appointments,N/A
2025-06-10 14:02:33,No Appointments,N/A
2025-06-10 14:04:36,No Appointments,N/A
2025-06-10 14:06:42,No Appointments,N/A
2025-06-10 14:08:33,No Appointments,N/A
